Member,Party,Constituency,Remain,B,D,H,J,K,L,M,O
Diane Abbott,Labour,Hackney North and Stoke Newington,80%,No,Aye,Abstain,Aye,Aye,Abstain,Aye,No
Debbie Abrahams,Labour,Oldham East and Saddleworth,40%,No,Abstain,No,Aye,Aye,Abstain,Aye,No
Nigel Adams,Conservative,Selby and Ainsty,42%,Abstain,No,No,No,No,No,No,Aye
Bim Afolami,Conservative,Hitchin and Harpenden,60%,No,Aye,Aye,Abstain,No,No,No,Abstain
Adam Afriyie,Conservative,Windsor,53%,Aye,No,No,No,No,No,No,Aye
Peter Aldous,Conservative,Waveney,37%,No,No,Aye,No,No,No,No,No
Rushanara Ali,Labour,Bethnal Green and Bow,69%,No,Aye,No,Aye,Aye,Aye,Aye,No
Lucy Allan,Conservative,Telford,34%,Abstain,Abstain,Abstain,Abstain,Abstain,Abstain,Abstain,Abstain
Heidi Allen,Independent,South Cambridgeshire,62%,No,No,No,No,No,Aye,Aye,Abstain
Rosena Allin-Khan,Labour,Tooting,74%,No,No,No,Aye,Aye,Aye,Aye,No
Mike Amesbury,Labour,Weaver Vale,49%,No,Aye,Abstain,Aye,Aye,Abstain,Aye,No
David Amess,Conservative,Southend West,45%,Aye,No,No,No,No,No,No,Aye
Stuart Andrew,Conservative,Pudsey,51%,Aye,No,No,No,No,No,No,Aye
Tonia Antoniazzi,Labour,Gower,51%,No,No,No,Aye,Aye,Aye,Aye,No
Edward Argar,Conservative,Charnwood,42%,Abstain,No,No,No,No,No,No,No
Jonathan Ashworth,Labour,Leicester South,58%,No,Aye,Abstain,Aye,Aye,Abstain,Aye,No
Victoria Atkins,Conservative,Louth and Horncastle,31%,No,No,No,No,No,No,No,No
Ian Austin,Independent,Dudley North,29%,No,Aye,Abstain,Aye,Aye,Abstain,No,No
Richard Bacon,Conservative,South Norfolk,49%,Aye,No,No,No,No,No,No,Aye
Kemi Badenoch,Conservative,Saffron Walden,49%,Abstain,No,No,No,No,No,No,Aye
Adrian Bailey,Labour,West Bromwich West,31%,No,Aye,Abstain,Aye,Aye,Abstain,Aye,No
Steve Baker,Conservative,Wycombe,52%,Aye,No,No,No,No,No,No,Aye
Harriett Baldwin,Conservative,West Worcestershire,47%,Abstain,No,Abstain,No,No,No,No,Abstain
Stephen Barclay,Conservative,North East Cambridgeshire,31%,Abstain,Abstain,Abstain,Abstain,Abstain,Abstain,Abstain,Abstain
Hannah Bardell,Scottish National Party,Livingston,57%,No,Abstain,No,Abstain,Abstain,Aye,Aye,No
John Baron,Conservative,Basildon and Billericay,33%,Aye,No,No,No,No,No,No,Abstain
Kevin Barron,Labour,Rother Valley,33%,No,No,No,Aye,Abstain,No,No,No
Guto Bebb,Conservative,Aberconwy,48%,No,No,Aye,Aye,No,Aye,Aye,No
Margaret Beckett,Labour,Derby South,39%,No,Abstain,Abstain,Aye,Aye,Abstain,Aye,No
?rfhlaith Begley,Sinn F?in,West Tyrone,67%,Abstain,Abstain,Abstain,Abstain,Abstain,Abstain,Abstain,Abstain
Henry Bellingham,Conservative,North West Norfolk,34%,Aye,No,No,No,No,No,No,Aye
Hilary Benn,Labour,Leeds Central,54%,No,Aye,Abstain,Aye,Aye,Abstain,Aye,No
Richard Benyon,Conservative,Newbury,52%,No,Aye,No,Aye,No,No,No,No
John Bercow,Speaker,Buckingham,51%,Abstain,Abstain,Abstain,Abstain,Abstain,Abstain,Abstain,Abstain
Paul Beresford,Conservative,Mole Valley,53%,No,No,No,No,No,No,No,No
Luciana Berger,Independent,"Liverpool, Wavertree",65%,No,No,No,No,No,Aye,Aye,No
Jake Berry,Conservative,Rossendale and Darwen,41%,Aye,No,No,No,No,No,No,No
Clive Betts,Labour,Sheffield South East,34%,No,Aye,No,Aye,Aye,Aye,Aye,No
Mhairi Black,Scottish National Party,Paisley and Renfrewshire South,65%,No,Abstain,No,Abstain,Abstain,Aye,Aye,No
Ian Blackford,Scottish National Party,"Ross, Skye and Lochaber",56%,No,Abstain,No,Abstain,Abstain,Aye,Aye,No
Bob Blackman,Conservative,Harrow East,53%,Aye,No,Aye,No,No,No,No,Aye
Kirsty Blackman,Scottish National Party,Aberdeen North,57%,No,Abstain,No,Abstain,Abstain,Aye,Aye,No
Roberta Blackman-Woods,Labour,City of Durham,57%,No,Aye,Abstain,Aye,Aye,Aye,Aye,No
Paul Blomfield,Labour,Sheffield Central,68%,No,Aye,No,Aye,Aye,Aye,Aye,No
Crispin Blunt,Conservative,Reigate,52%,Aye,No,No,No,No,No,No,Aye
Nick Boles,Conservative,Grantham and Stamford,39%,No,Aye,Aye,Aye,No,No,Abstain,No
Peter Bone,Conservative,Wellingborough,37%,Aye,No,No,No,No,No,No,Aye
Peter Bottomley,Conservative,Worthing West,44%,No,No,No,No,No,No,No,Abstain
Andrew Bowie,Conservative,West Aberdeenshire and Kincardine,61%,No,No,No,No,No,No,No,No
Tracy Brabin,Labour,Batley and Spen,40%,No,Aye,Abstain,Aye,Aye,Abstain,Abstain,No
Ben Bradley,Conservative,Mansfield,29%,Aye,No,No,No,No,No,No,Aye
Karen Bradley,Conservative,Staffordshire Moorlands,35%,Abstain,Abstain,Abstain,Abstain,Abstain,Abstain,Abstain,Abstain
Ben Bradshaw,Labour,Exeter,55%,No,Abstain,No,Aye,Aye,Aye,Aye,No
Mickey Brady,Sinn F?in,Newry and Armagh,61%,Abstain,Abstain,Abstain,Abstain,Abstain,Abstain,Abstain,Abstain
Graham Brady,Conservative,Altrincham and Sale West,63%,No,No,No,No,No,No,No,No
Tom Brake,Liberal Democrat,Carshalton and Wallington,44%,No,Abstain,Abstain,Abstain,Abstain,Aye,Aye,No
Suella Braverman,Conservative,Fareham,44%,Aye,No,No,No,No,No,No,Aye
Kevin Brennan,Labour,Cardiff West,56%,No,Aye,Abstain,Aye,Aye,Aye,Aye,No
Jack Brereton,Conservative,Stoke-on-Trent South,29%,Aye,No,No,No,No,No,No,Aye
Andrew Bridgen,Conservative,North West Leicestershire,39%,Aye,No,No,No,No,No,No,Aye
Steve Brine,Conservative,Winchester,60%,No,Aye,Aye,Aye,No,Abstain,Abstain,No
Deidre Brock,Scottish National Party,Edinburgh North and Leith,78%,No,Abstain,No,Abstain,Abstain,Aye,Aye,No
James Brokenshire,Conservative,Old Bexley and Sidcup,38%,Abstain,Abstain,Abstain,Abstain,Abstain,Abstain,Abstain,Abstain
Alan Brown,Scottish National Party,Kilmarnock and Loudoun,61%,No,Abstain,No,Abstain,Abstain,Aye,Aye,No
Lyn Brown,Labour,West Ham,52%,No,Abstain,No,Aye,Aye,Aye,Aye,No
Nicholas Brown,Labour,Newcastle upon Tyne East,59%,No,Aye,Abstain,Aye,Aye,Abstain,Aye,No
Fiona Bruce,Conservative,Congleton,47%,Aye,No,No,No,No,No,No,Aye
Chris Bryant,Labour,Rhondda,40%,No,Aye,No,Aye,Aye,Abstain,Aye,No
Karen Buck,Labour,Westminster North,66%,No,Abstain,No,Aye,Aye,Aye,Aye,No
Robert Buckland,Conservative,South Swindon,48%,No,No,No,No,No,No,No,No
Richard Burden,Labour,"Birmingham, Northfield",38%,No,Aye,No,Aye,Aye,Abstain,Aye,No
Alex Burghart,Conservative,Brentwood and Ongar,39%,Abstain,No,No,No,No,No,No,Abstain
Richard Burgon,Labour,Leeds East,39%,No,Aye,Abstain,Aye,Aye,Abstain,Aye,No
Conor Burns,Conservative,Bournemouth West,42%,Aye,No,No,No,No,No,No,Aye
Alistair Burt,Conservative,North East Bedfordshire,47%,No,Aye,Aye,Aye,No,Abstain,Abstain,No
Dawn Butler,Labour,Brent Central,57%,No,Abstain,No,Aye,Aye,Abstain,Aye,No
Liam Byrne,Labour,"Birmingham, Hodge Hill",48%,No,Aye,Abstain,Aye,Aye,Abstain,Aye,No
Vince Cable,Liberal Democrat,Twickenham,67%,No,Abstain,No,Abstain,No,Aye,Aye,No
Ruth Cadbury,Labour,Brentford and Isleworth,57%,No,No,No,Aye,Aye,Aye,Aye,No
Alun Cairns,Conservative,Vale of Glamorgan,47%,Abstain,Abstain,Abstain,Abstain,Abstain,Abstain,Abstain,Abstain
Lisa Cameron,Scottish National Party,"East Kilbride, Strathaven and Lesmahagow",63%,No,Abstain,No,Abstain,Abstain,Aye,Aye,No
Gregory Campbell,Democratic Unionist Party,East Londonderry,52%,Abstain,Abstain,Abstain,No,No,No,No,Aye
Ronnie Campbell,Labour,Blyth Valley,52%,Aye,No,Aye,No,No,No,No,No
Alan Campbell,Labour,Tynemouth,39%,No,Abstain,Abstain,Aye,Aye,Abstain,Aye,No
Dan Carden,Labour,"Liverpool, Walton",48%,No,Aye,Abstain,Aye,Aye,Abstain,Aye,No
Alistair Carmichael,Liberal Democrat,Orkney and Shetland,60%,No,Abstain,Abstain,Abstain,Abstain,Aye,Aye,No
James Cartlidge,Conservative,South Suffolk,46%,No,Aye,Aye,No,No,No,No,No
William Cash,Conservative,Stone,43%,Aye,No,No,No,No,No,No,Aye
Maria Caulfield,Conservative,Lewes,53%,Aye,No,Aye,No,No,No,No,Aye
Alex Chalk,Conservative,Cheltenham,57%,No,No,No,Aye,No,Abstain,Abstain,No
Sarah Champion,Labour,Rotherham,32%,No,No,No,Aye,Aye,No,No,No
Douglas Chapman,Scottish National Party,Dunfermline and West Fife,61%,No,Abstain,No,Abstain,Abstain,Aye,Aye,No
Jenny Chapman,Labour,Darlington,42%,No,Aye,Abstain,Aye,Aye,Abstain,Aye,No
Bambos Charalambous,Labour,"Enfield, Southgate",62%,No,Aye,Abstain,Aye,Aye,Aye,Aye,No
Joanna Cherry,Scottish National Party,Edinburgh South West,72%,No,Abstain,No,Abstain,Abstain,Aye,Aye,No
Rehman Chishti,Conservative,Gillingham and Rainham,36%,Aye,No,No,No,No,No,No,Abstain
Christopher Chope,Conservative,Christchurch,40%,Aye,No,No,No,No,No,No,Aye
Jo Churchill,Conservative,Bury St Edmunds,46%,No,No,No,No,No,No,No,No
Colin Clark,Conservative,Gordon,56%,No,No,Abstain,Abstain,No,No,No,Abstain
Greg Clark,Conservative,Tunbridge Wells,55%,Abstain,Abstain,Abstain,Abstain,Abstain,Abstain,Abstain,Abstain
Kenneth Clarke,Conservative,Rushcliffe,59%,No,Aye,No,Aye,Aye,Aye,Abstain,No
Simon Clarke,Conservative,Middlesbrough South and East Cleveland,35%,Aye,No,No,No,No,No,No,Aye
James Cleverly,Conservative,Braintree,38%,Abstain,No,No,No,No,No,No,No
Geoffrey Clifton-Brown,Conservative,The Cotswolds,52%,Aye,No,No,No,No,No,No,Aye
Ann Clwyd,Labour,Cynon Valley,43%,No,No,No,No,No,Aye,Aye,No
Vernon Coaker,Labour,Gedling,44%,No,Aye,No,Aye,Aye,Abstain,Aye,No
Ann Coffey,Independent,Stockport,53%,No,No,No,No,No,Aye,Aye,No
Th?r?se Coffey,Conservative,Suffolk Coastal,45%,Abstain,No,No,No,No,No,No,Abstain
Damian Collins,Conservative,Folkestone and Hythe,38%,No,Aye,Aye,No,No,No,No,No
Julie Cooper,Labour,Burnley,33%,No,Aye,Abstain,Aye,Aye,Abstain,Abstain,No
Rosie Cooper,Labour,West Lancashire,45%,No,No,No,Aye,Aye,No,No,No
Yvette Cooper,Labour,"Normanton, Pontefract and Castleford",31%,No,Aye,Abstain,Aye,Aye,Abstain,Aye,No
Jeremy Corbyn,Labour,Islington North,78%,No,Aye,Abstain,Aye,Aye,Abstain,Aye,No
Alberto Costa,Conservative,South Leicestershire,42%,No,Aye,Aye,No,No,No,No,No
Robert Courts,Conservative,Witney,54%,Aye,No,Aye,No,No,No,No,Aye
Ronnie Cowan,Scottish National Party,Inverclyde,64%,No,Abstain,No,Abstain,Abstain,Aye,Aye,No
Geoffrey Cox,Conservative,Torridge and West Devon,43%,Abstain,Abstain,Abstain,Abstain,Abstain,Abstain,Abstain,Abstain
Neil Coyle,Labour,Bermondsey and Old Southwark,74%,No,No,No,Aye,Aye,Aye,Aye,No
Stephen Crabb,Conservative,Preseli Pembrokeshire,45%,No,Aye,Aye,Aye,No,No,No,No
David Crausby,Labour,Bolton North East,42%,No,Aye,No,Aye,Aye,Aye,Aye,No
Angela Crawley,Scottish National Party,Lanark and Hamilton East,64%,No,Abstain,No,Abstain,Abstain,Aye,Aye,No
Mary Creagh,Labour,Wakefield,37%,No,Abstain,No,Aye,Aye,Aye,Aye,No
Stella Creasy,Labour,Walthamstow,67%,No,Abstain,No,Aye,Aye,Aye,Aye,No
Tracey Crouch,Conservative,Chatham and Aylesford,36%,Aye,No,No,No,No,No,No,Abstain
Jon Cruddas,Labour,Dagenham and Rainham,30%,No,Aye,Abstain,Aye,Aye,No,No,No
John Cryer,Labour,Leyton and Wanstead,65%,No,Aye,Abstain,Aye,Aye,Abstain,Aye,No
Judith Cummins,Labour,Bradford South,36%,No,Abstain,Abstain,Aye,Aye,Abstain,Abstain,No
Alex Cunningham,Labour,Stockton North,34%,No,Aye,No,Aye,Aye,Aye,Aye,No
Jim Cunningham,Labour,Coventry South,50%,No,Aye,No,No,Aye,No,Aye,No
Janet Daby,Labour,Lewisham East,65%,No,Abstain,No,Aye,Aye,Aye,Aye,No
Nic Dakin,Labour,Scunthorpe,31%,No,Abstain,Abstain,Aye,Aye,Abstain,Aye,No
Edward Davey,Liberal Democrat,Kingston and Surbiton,59%,No,Abstain,Abstain,Abstain,Abstain,Aye,Aye,No
Wayne David,Labour,Caerphilly,45%,No,Aye,Abstain,Aye,Aye,Abstain,Aye,No
Chris Davies,Conservative,Brecon and Radnorshire,48%,Aye,No,Aye,No,No,No,No,Aye
David T. C. Davies,Conservative,Monmouth,52%,Aye,No,No,No,No,No,No,Aye
Geraint Davies,Labour,Swansea West,57%,No,Abstain,No,Aye,Aye,Aye,Aye,No
Glyn Davies,Conservative,Montgomeryshire,44%,Aye,No,Aye,No,No,No,No,Aye
Mims Davies,Conservative,Eastleigh,46%,Aye,No,No,No,No,No,No,No
Philip Davies,Conservative,Shipley,48%,Aye,No,No,No,No,No,No,Aye
David Davis,Conservative,Haltemprice and Howden,45%,Aye,No,No,No,No,No,No,No
Martyn Day,Scottish National Party,Linlithgow and East Falkirk,58%,No,Abstain,No,Abstain,Abstain,Aye,Aye,No
Marsha De Cordova,Labour,Battersea,78%,No,Abstain,No,Aye,Aye,Aye,Aye,No
Gloria De Piero,Labour,Ashfield,29%,No,Aye,Abstain,Aye,Aye,Abstain,Abstain,No
Thangam Debbonaire,Labour,Bristol West,79%,No,Aye,Abstain,Aye,Aye,Aye,Aye,No
Emma Dent Coad,Labour,Kensington,69%,No,No,No,Aye,Aye,Aye,Aye,No
Tanmanjeet Singh Dhesi,Labour,Slough,46%,No,Aye,Abstain,Aye,Aye,Abstain,Aye,No
Caroline Dinenage,Conservative,Gosport,38%,Aye,No,No,No,No,No,No,Aye
Jonathan Djanogly,Conservative,Huntingdon,46%,No,Aye,Aye,Aye,No,No,Abstain,No
Leo Docherty,Conservative,Aldershot,42%,Abstain,Abstain,Abstain,Abstain,Abstain,Abstain,Abstain,Abstain
Martin Docherty-Hughes,Scottish National Party,West Dunbartonshire,62%,No,Abstain,No,Abstain,Abstain,Aye,Aye,No
Anneliese Dodds,Labour,Oxford East,68%,No,Aye,Abstain,Aye,Aye,Aye,Aye,No
Nigel Dodds,Democratic Unionist Party,Belfast North,50%,Abstain,Abstain,Abstain,No,No,No,No,Aye
Jeffrey M. Donaldson,Democratic Unionist Party,Lagan Valley,47%,Abstain,Abstain,Abstain,No,No,No,No,Aye
Michelle Donelan,Conservative,Chippenham,48%,Abstain,No,No,No,No,No,No,Aye
Nadine Dorries,Conservative,Mid Bedfordshire,47%,Aye,No,No,No,No,No,No,Aye
Steve Double,Conservative,St Austell and Newquay,36%,Aye,No,No,No,No,No,No,Aye
Stephen Doughty,Labour,Cardiff South and Penarth,57%,No,Abstain,No,Aye,Aye,Aye,Aye,No
Peter Dowd,Labour,Bootle,45%,No,Aye,Abstain,Aye,Aye,Abstain,Aye,No
Oliver Dowden,Conservative,Hertsmere,49%,No,No,No,No,No,No,No,No
Jackie Doyle-Price,Conservative,Thurrock,30%,Aye,No,No,No,No,No,No,No
Richard Drax,Conservative,South Dorset,41%,Aye,No,No,No,No,No,No,Aye
David Drew,Labour,Stroud,54%,No,Aye,Abstain,Aye,Aye,Aye,Aye,No
Jack Dromey,Labour,"Birmingham, Erdington",37%,No,Aye,No,Aye,Aye,Abstain,Aye,No
James Duddridge,Conservative,Rochford and Southend East,39%,Aye,No,No,No,No,No,No,Aye
Rosie Duffield,Labour,Canterbury,55%,No,Abstain,No,Aye,Aye,Aye,Aye,No
David Duguid,Conservative,Banff and Buchan,46%,No,No,Aye,No,No,No,No,No
Iain Duncan Smith,Conservative,Chingford and Woodford Green,46%,Aye,No,No,No,No,No,No,Aye
Alan Duncan,Conservative,Rutland and Melton,50%,No,Abstain,Abstain,Abstain,No,Aye,No,No
Philip Dunne,Conservative,Ludlow,42%,No,No,No,No,No,No,No,Aye
Maria Eagle,Labour,Garston and Halewood,50%,No,Abstain,No,Aye,Aye,Aye,Aye,No
Angela Eagle,Labour,Wallasey,52%,No,Abstain,Abstain,Aye,Aye,Aye,Aye,No
Jonathan Edwards,Plaid Cymru,Carmarthen East and Dinefwr,47%,No,Aye,Abstain,Abstain,Abstain,Aye,Aye,No
Clive Efford,Labour,Eltham,48%,No,Aye,No,Aye,Aye,Aye,Aye,No
Julie Elliott,Labour,Sunderland Central,40%,No,Abstain,Abstain,Aye,Aye,Abstain,Aye,No
Michael Ellis,Conservative,Northampton North,40%,Aye,No,No,No,No,No,No,No
Louise Ellman,Labour,"Liverpool, Riverside",73%,No,No,No,Aye,Aye,Aye,Aye,No
Tobias Ellwood,Conservative,Bournemouth East,46%,Abstain,Abstain,Abstain,Abstain,Abstain,Abstain,Abstain,Abstain
Chris Elmore,Labour,Ogmore,41%,No,Abstain,No,Aye,Aye,Aye,Aye,No
Charlie Elphicke,Conservative,Dover,37%,Aye,No,No,No,No,No,No,Aye
Bill Esterson,Labour,Sefton Central,56%,No,Aye,No,Aye,Aye,Aye,Aye,No
George Eustice,Conservative,Camborne and Redruth,42%,Aye,Aye,Aye,No,No,No,No,Aye
Chris Evans,Labour,Islwyn,41%,No,Aye,Abstain,Aye,Aye,Abstain,Abstain,No
Nigel Evans,Conservative,Ribble Valley,41%,Aye,No,No,No,No,No,No,Aye
David Evennett,Conservative,Bexleyheath and Crayford,35%,Abstain,No,No,No,No,No,No,No
Michael Fabricant,Conservative,Lichfield,43%,Aye,No,No,No,No,No,No,Aye
Michael Fallon,Conservative,Sevenoaks,46%,No,Abstain,Aye,No,No,No,No,Aye
Paul Farrelly,Labour,Newcastle-under-Lyme,38%,No,Aye,No,Aye,Aye,Aye,Aye,No
Tim Farron,Liberal Democrat,Westmorland and Lonsdale,53%,No,Abstain,Abstain,Abstain,Abstain,Aye,Aye,No
Marion Fellows,Scottish National Party,Motherwell and Wishaw,62%,No,Abstain,No,Abstain,Abstain,Aye,Aye,No
Frank Field,Independent,Birkenhead,48%,No,No,No,No,No,No,No,No
Mark Field,Conservative,Cities of London and Westminster,72%,No,No,No,Aye,No,Aye,Abstain,Aye
Jim Fitzpatrick,Labour,Poplar and Limehouse,66%,No,No,No,Aye,Aye,Abstain,No,No
Colleen Fletcher,Labour,Coventry North East,42%,No,Aye,Abstain,Aye,Aye,Abstain,Aye,No
Caroline Flint,Labour,Don Valley,31%,No,No,No,Abstain,Aye,No,No,No
Vicky Ford,Conservative,Chelmsford,49%,No,Aye,Abstain,Aye,No,No,No,No
Kevin Foster,Conservative,Torbay,37%,Aye,No,Aye,No,No,No,No,No
Yvonne Fovargue,Labour,Makerfield,35%,No,Abstain,Abstain,Aye,Aye,Abstain,No,Abstain
Liam Fox,Conservative,North Somerset,52%,Abstain,Abstain,Abstain,Abstain,Abstain,Abstain,Abstain,Abstain
Vicky Foxcroft,Labour,"Lewisham, Deptford",76%,No,Aye,Abstain,Aye,Aye,Aye,Aye,No
Mark Francois,Conservative,Rayleigh and Wickford,32%,Aye,No,No,No,No,No,No,Aye
Lucy Frazer,Conservative,South East Cambridgeshire,55%,No,No,No,Abstain,No,No,No,Abstain
George Freeman,Conservative,Mid Norfolk,39%,Abstain,Aye,Aye,Aye,No,No,Abstain,No
Mike Freer,Conservative,Finchley and Golders Green,69%,No,No,No,No,No,Aye,No,No
James Frith,Labour,Bury North,46%,No,Aye,Abstain,Aye,Aye,Aye,Aye,No
Gill Furniss,Labour,"Sheffield, Brightside and Hillsborough",40%,No,Aye,Abstain,Aye,Aye,Abstain,Aye,No
Marcus Fysh,Conservative,Yeovil,40%,Aye,No,No,No,No,No,No,Aye
Hugh Gaffney,Labour,"Coatbridge, Chryston and Bellshill",61%,No,Aye,Abstain,Aye,Aye,Aye,Aye,No
Roger Gale,Conservative,North Thanet,35%,No,No,No,No,No,No,No,No
Mike Gapes,Independent,Ilford South,57%,No,No,No,No,No,Aye,Aye,No
Barry Gardiner,Labour,Brent North,57%,No,Abstain,Abstain,Aye,Aye,Abstain,Aye,No
Mark Garnier,Conservative,Wyre Forest,37%,Abstain,No,Aye,No,No,No,Abstain,Aye
David Gauke,Conservative,South West Hertfordshire,54%,Abstain,Abstain,Abstain,Abstain,Abstain,Abstain,Abstain,Abstain
Ruth George,Labour,High Peak,49%,No,Abstain,No,Aye,Aye,Aye,Aye,No
Stephen Gethins,Scottish National Party,North East Fife,64%,No,Abstain,No,Abstain,Abstain,Aye,Aye,No
Nusrat Ghani,Conservative,Wealden,47%,Aye,No,No,No,No,No,No,No
Nick Gibb,Conservative,Bognor Regis and Littlehampton,35%,Abstain,Abstain,Abstain,No,No,No,No,No
Patricia Gibson,Scottish National Party,North Ayrshire and Arran,58%,No,Abstain,No,Abstain,Abstain,Aye,Aye,No
Michelle Gildernew,Sinn F?in,Fermanagh and South Tyrone,59%,Abstain,Abstain,Abstain,Abstain,Abstain,Abstain,Abstain,Abstain
Preet Kaur Gill,Labour,"Birmingham, Edgbaston",53%,No,Abstain,Abstain,Aye,Aye,Aye,Aye,No
Cheryl Gillan,Conservative,Chesham and Amersham,55%,No,No,No,No,No,No,No,No
Paul Girvan,Democratic Unionist Party,South Antrim,59%,Abstain,Abstain,Abstain,No,No,No,No,Aye
John Glen,Conservative,Salisbury,50%,No,No,No,No,No,No,No,No
Mary Glindon,Labour,North Tyneside,40%,No,Aye,Abstain,Aye,Aye,Abstain,Abstain,No
Roger Godsiff,Labour,"Birmingham, Hall Green",66%,No,Aye,No,Aye,Aye,Aye,Aye,No
Zac Goldsmith,Conservative,Richmond Park,71%,Aye,No,No,No,No,No,No,Aye
Helen Goodman,Labour,Bishop Auckland,39%,No,Aye,No,Aye,Aye,Abstain,Aye,No
Robert Goodwill,Conservative,Scarborough and Whitby,39%,Aye,No,No,No,No,No,No,No
Michael Gove,Conservative,Surrey Heath,48%,Abstain,Abstain,Abstain,Abstain,Abstain,Abstain,Abstain,Abstain
Patrick Grady,Scottish National Party,Glasgow North,78%,No,Abstain,No,Abstain,Abstain,Aye,Aye,Abstain
Luke Graham,Conservative,Ochil and South Perthshire,61%,No,No,Aye,No,No,No,No,Abstain
Richard Graham,Conservative,Gloucester,41%,No,Abstain,Abstain,Abstain,No,No,No,No
Bill Grant,Conservative,"Ayr, Carrick and Cumnock",56%,No,No,Aye,No,No,No,No,No
Helen Grant,Conservative,Maidstone and The Weald,44%,No,No,No,No,No,No,No,No
Peter Grant,Scottish National Party,Glenrothes,52%,No,Abstain,No,Abstain,Abstain,Aye,Aye,No
James Gray,Conservative,North Wiltshire,50%,Aye,No,No,No,No,No,No,Aye
Neil Gray,Scottish National Party,Airdrie and Shotts,60%,No,Abstain,No,Abstain,Abstain,Aye,Aye,No
Chris Grayling,Conservative,Epsom and Ewell,52%,Abstain,Abstain,Abstain,Abstain,Abstain,Abstain,Abstain,Abstain
Chris Green,Conservative,Bolton West,44%,Aye,No,No,No,No,No,No,Aye
Damian Green,Conservative,Ashford,40%,No,No,Aye,Aye,No,No,No,Abstain
Kate Green,Labour,Stretford and Urmston,51%,No,Abstain,No,Aye,Aye,Aye,Aye,No
Justine Greening,Conservative,Putney,72%,No,Abstain,Abstain,Abstain,Abstain,Aye,Aye,Abstain
Lilian Greenwood,Labour,Nottingham South,53%,No,Abstain,No,Aye,Aye,Aye,Aye,No
Margaret Greenwood,Labour,Wirral West,55%,No,Abstain,Abstain,Aye,Aye,Abstain,Aye,No
Dominic Grieve,Conservative,Beaconsfield,51%,No,Abstain,No,Abstain,No,Aye,Aye,No
Nia Griffith,Labour,Llanelli,43%,No,Aye,Abstain,Aye,Aye,Abstain,Aye,No
Andrew Griffiths,Conservative,Burton,35%,Aye,No,No,No,No,No,No,No
John Grogan,Labour,Keighley,47%,No,Aye,Abstain,Aye,Aye,Aye,Aye,No
Andrew Gwynne,Labour,Denton and Reddish,39%,No,Aye,Abstain,Aye,Aye,Abstain,Abstain,No
Sam Gyimah,Conservative,East Surrey,46%,No,Abstain,Abstain,Abstain,No,Abstain,Aye,No
Louise Haigh,Labour,"Sheffield, Heeley",43%,No,Aye,No,Aye,Aye,Aye,Aye,No
Kirstene Hair,Conservative,Angus,52%,Abstain,No,No,No,No,No,No,Abstain
Robert Halfon,Conservative,Harlow,32%,No,Aye,Aye,No,No,No,No,Abstain
Luke Hall,Conservative,Thornbury and Yate,48%,No,No,No,No,No,No,No,No
Fabian Hamilton,Labour,Leeds North East,63%,No,Abstain,No,Aye,Aye,Aye,Aye,No
Philip Hammond,Conservative,Runnymede and Weybridge,50%,Abstain,Abstain,Abstain,Abstain,Abstain,Abstain,Abstain,Abstain
Stephen Hammond,Conservative,Wimbledon,71%,No,Aye,Aye,Aye,No,Aye,Abstain,No
Matt Hancock,Conservative,West Suffolk,37%,Abstain,Abstain,Abstain,Abstain,Abstain,Abstain,Abstain,Abstain
Greg Hands,Conservative,Chelsea and Fulham,71%,No,No,No,No,No,No,No,Abstain
David Hanson,Labour,Delyn,46%,No,Aye,No,Aye,Aye,Abstain,Aye,No
Emma Hardy,Labour,Kingston upon Hull West and Hessle,32%,No,Aye,Abstain,Aye,Aye,Abstain,Aye,No
Harriet Harman,Labour,Camberwell and Peckham,69%,No,Aye,No,Aye,Aye,Aye,Aye,No
Mark Harper,Conservative,Forest of Dean,42%,Aye,No,No,No,No,No,No,Aye
Richard Harrington,Conservative,Watford,49%,No,Aye,Abstain,Aye,No,Aye,Abstain,No
Carolyn Harris,Labour,Swansea East,38%,No,Aye,Abstain,Aye,Aye,Abstain,Abstain,No
Rebecca Harris,Conservative,Castle Point,27%,Aye,No,No,No,No,No,No,Aye
Trudy Harrison,Conservative,Copeland,41%,Aye,No,Aye,No,No,No,No,No
Simon Hart,Conservative,Carmarthen West and South Pembrokeshire,45%,Abstain,Aye,Aye,No,No,No,No,Abstain
Helen Hayes,Labour,Dulwich and West Norwood,77%,No,Abstain,No,Aye,Aye,Aye,Aye,No
John Hayes,Conservative,South Holland and The Deepings,29%,Aye,No,No,No,No,No,No,Aye
Sue Hayman,Labour,Workington,39%,No,Aye,Abstain,Aye,Aye,Abstain,Aye,No
Chris Hazzard,Sinn F?in,South Down,67%,Abstain,Abstain,Abstain,Abstain,Abstain,Abstain,Abstain,Abstain
Oliver Heald,Conservative,North East Hertfordshire,49%,No,Abstain,Abstain,Aye,No,No,No,No
John Healey,Labour,Wentworth and Dearne,30%,No,Abstain,Abstain,Aye,Aye,Abstain,Aye,Abstain
James Heappey,Conservative,Wells,46%,Abstain,No,No,No,No,No,No,Abstain
Chris Heaton-Harris,Conservative,Daventry,41%,Aye,No,No,No,No,No,No,No
Peter Heaton-Jones,Conservative,North Devon,43%,Abstain,No,No,No,No,No,No,No
Gordon Henderson,Conservative,Sittingbourne and Sheppey,35%,Aye,No,Aye,No,No,No,No,Aye
Mark Hendrick,Labour,Preston,44%,No,Aye,Aye,Aye,Aye,Aye,Aye,No
Drew Hendry,Scottish National Party,"Inverness, Nairn, Badenoch and Strathspey",60%,No,Abstain,No,Abstain,Abstain,Aye,Aye,No
Stephen Hepburn,Labour,Jarrow,38%,No,No,No,No,No,No,No,No
Nick Herbert,Conservative,Arundel and South Downs,50%,No,Aye,Aye,Aye,No,No,No,No
Lady Hermon,Independent,North Down,52%,No,No,No,No,No,Aye,Aye,No
Mike Hill,Labour,Hartlepool,30%,No,Abstain,Abstain,Aye,Aye,Abstain,No,No
Meg Hillier,Labour,Hackney South and Shoreditch,77%,No,Abstain,No,Aye,Aye,Aye,Aye,No
Damian Hinds,Conservative,East Hampshire,51%,Abstain,Abstain,Abstain,Abstain,Abstain,Abstain,Abstain,Abstain
Simon Hoare,Conservative,North Dorset,43%,No,Aye,Aye,Aye,No,No,No,No
Wera Hobhouse,Liberal Democrat,Bath,68%,No,No,No,No,No,Aye,Aye,No
Margaret Hodge,Labour,Barking,40%,No,Abstain,No,Aye,Aye,Aye,Aye,No
Sharon Hodgson,Labour,Washington and Sunderland West,38%,No,Aye,No,Aye,Aye,Abstain,Aye,No
Kate Hoey,Labour,Vauxhall,78%,Aye,No,Abstain,No,Abstain,No,No,Aye
Kate Hollern,Labour,Blackburn,46%,Abstain,Aye,Abstain,Aye,Aye,Abstain,Aye,Abstain
George Hollingbery,Conservative,Meon Valley,48%,No,No,No,No,No,No,No,Aye
Kevin Hollinrake,Conservative,Thirsk and Malton,44%,No,Aye,Aye,No,No,No,No,No
Philip Hollobone,Conservative,Kettering,39%,Aye,No,No,No,No,No,No,Aye
Adam Holloway,Conservative,Gravesham,35%,Aye,No,No,No,No,No,No,Aye
Kelvin Hopkins,Independent,Luton North,41%,Abstain,Abstain,Abstain,Abstain,Abstain,Abstain,Abstain,Abstain
Stewart Hosie,Scottish National Party,Dundee East,62%,No,Abstain,No,Abstain,Abstain,Aye,Aye,No
George Howarth,Labour,Knowsley,48%,No,Aye,No,Aye,Aye,Aye,Aye,No
John Howell,Conservative,Henley,57%,No,No,No,No,No,No,Abstain,No
Lindsay Hoyle,Deputy Speaker,Chorley,43%,Abstain,Abstain,Abstain,Abstain,Abstain,Abstain,Abstain,Abstain
Nigel Huddleston,Conservative,Mid Worcestershire,41%,Abstain,Abstain,Abstain,Abstain,No,No,No,Abstain
Eddie Hughes,Conservative,Walsall North,26%,Aye,No,No,No,No,No,No,Aye
Jeremy Hunt,Conservative,South West Surrey,59%,Abstain,Abstain,Abstain,Abstain,Abstain,Abstain,Abstain,Abstain
Rupa Huq,Labour,Ealing Central and Acton,71%,No,Abstain,No,Aye,Aye,Aye,Aye,No
Nick Hurd,Conservative,"Ruislip, Northwood and Pinner",51%,No,Abstain,Abstain,Abstain,No,No,Abstain,No
Imran Hussain,Labour,Bradford East,45%,No,Aye,Abstain,Aye,Aye,Abstain,Aye,No
Alister Jack,Conservative,Dumfries and Galloway,55%,No,No,No,No,No,No,No,Aye
Margot James,Conservative,Stourbridge,36%,No,Aye,Abstain,Aye,No,Abstain,Abstain,No
Christine Jardine,Liberal Democrat,Edinburgh West,71%,No,Abstain,Abstain,Abstain,Abstain,Aye,Aye,No
Dan Jarvis,Labour,Barnsley Central,32%,No,Aye,Abstain,Aye,Aye,Abstain,No,No
Sajid Javid,Conservative,Bromsgrove,45%,Abstain,Abstain,Abstain,Abstain,Abstain,Abstain,Abstain,Abstain
Ranil Jayawardena,Conservative,North East Hampshire,54%,Aye,No,No,No,No,No,No,Aye
Bernard Jenkin,Conservative,Harwich and North Essex,41%,Aye,No,No,No,No,No,No,Aye
Andrea Jenkyns,Conservative,Morley and Outwood,40%,Aye,No,No,No,No,No,No,Aye
Robert Jenrick,Conservative,Newark,44%,Aye,No,No,No,No,No,No,No
Boris Johnson,Conservative,Uxbridge and South Ruislip,43%,Aye,No,No,No,No,No,No,Aye
Diana Johnson,Labour,Kingston upon Hull North,38%,No,Aye,No,Aye,Aye,Abstain,Aye,No
Caroline Johnson,Conservative,Sleaford and North Hykeham,40%,Aye,No,No,No,No,No,No,Aye
Gareth Johnson,Conservative,Dartford,36%,Aye,No,No,No,No,No,No,Aye
Joseph Johnson,Conservative,Orpington,43%,No,No,No,No,No,No,Aye,No
Andrew Jones,Conservative,Harrogate and Knaresborough,53%,No,No,No,No,No,No,No,No
Darren Jones,Labour,Bristol North West,58%,No,Abstain,No,Aye,Aye,Aye,Aye,No
Gerald Jones,Labour,Merthyr Tydfil and Rhymney,47%,No,Aye,Abstain,Aye,Aye,Abstain,Aye,No
Graham P Jones,Labour,Hyndburn,42%,No,Abstain,No,Aye,Aye,Abstain,Aye,No
Helen Jones,Labour,Warrington North,34%,No,Aye,No,Aye,Aye,No,No,No
David Jones,Conservative,Clwyd West,42%,Aye,No,No,No,No,No,No,Aye
Kevan Jones,Labour,North Durham,40%,No,No,No,Aye,Aye,Abstain,No,No
Marcus Jones,Conservative,Nuneaton,35%,Aye,No,No,No,No,No,No,No
Sarah Jones,Labour,Croydon Central,50%,No,Aye,Abstain,Aye,Aye,Aye,Aye,No
Susan Elan Jones,Labour,Clwyd South,40%,No,Abstain,No,Aye,Aye,Aye,Aye,No
Mike Kane,Labour,Wythenshawe and Sale East,50%,No,Aye,Abstain,Aye,Aye,Abstain,Abstain,No
Daniel Kawczynski,Conservative,Shrewsbury and Atcham,47%,Aye,No,No,No,No,No,No,No
Gillian Keegan,Conservative,Chichester,49%,No,No,Abstain,No,No,No,No,No
Barbara Keeley,Labour,Worsley and Eccles South,40%,No,Abstain,Abstain,Aye,Aye,Abstain,Aye,No
Liz Kendall,Labour,Leicester West,49%,No,Abstain,No,Aye,Aye,Aye,Aye,No
Seema Kennedy,Conservative,South Ribble,43%,No,No,No,No,No,No,No,No
Stephen Kerr,Conservative,Stirling,68%,No,No,Aye,No,No,No,No,No
Afzal Khan,Labour,"Manchester, Gorton",62%,No,Aye,Abstain,Aye,Aye,Abstain,Aye,No
Ged Killen,Labour,Rutherglen and Hamilton West,62%,No,Abstain,No,Aye,Aye,Aye,Aye,No
Stephen Kinnock,Labour,Aberavon,40%,No,Aye,Aye,Aye,Aye,Abstain,Abstain,No
Julian Knight,Conservative,Solihull,36%,Abstain,No,Aye,No,No,No,No,Aye
Greg Knight,Conservative,East Yorkshire,47%,Aye,No,No,No,No,No,No,No
Kwasi Kwarteng,Conservative,Spelthorne,40%,Aye,No,No,No,No,No,No,No
Peter Kyle,Labour,Hove,67%,No,Aye,No,Aye,Aye,Aye,Aye,No
Eleanor Laing,Deputy Speaker,Epping Forest,39%,Abstain,Abstain,Abstain,Abstain,Abstain,Abstain,Abstain,Abstain
Lesley Laird,Labour,Kirkcaldy and Cowdenbeath,57%,No,Aye,Abstain,Aye,Aye,Aye,Aye,No
Ben Lake,Plaid Cymru,Ceredigion,55%,No,Aye,Abstain,Abstain,Abstain,Aye,Aye,No
Norman Lamb,Liberal Democrat,North Norfolk,42%,No,Aye,Abstain,Aye,Abstain,Abstain,Aye,No
David Lammy,Labour,Tottenham,76%,No,Abstain,No,Abstain,Aye,Aye,Aye,No
John Lamont,Conservative,"Berwickshire, Roxburgh and Selkirk",57%,Abstain,No,No,No,No,No,No,Abstain
Mark Lancaster,Conservative,Milton Keynes North,50%,Aye,No,No,No,No,No,No,Aye
Pauline Latham,Conservative,Mid Derbyshire,47%,Abstain,No,No,No,No,No,No,Aye
Ian Lavery,Labour,Wansbeck,44%,No,Aye,Abstain,Aye,Aye,Abstain,Abstain,Aye
Chris Law,Scottish National Party,Dundee West,59%,No,Abstain,No,Abstain,Abstain,Aye,Aye,No
Andrea Leadsom,Conservative,South Northamptonshire,47%,Abstain,Abstain,Abstain,Abstain,Abstain,Abstain,Abstain,Abstain
Phillip Lee,Conservative,Bracknell,43%,No,No,No,No,No,Aye,Aye,No
Karen Lee,Labour,Lincoln,47%,No,No,Abstain,Aye,Aye,Abstain,Aye,No
Jeremy Lefroy,Conservative,Stafford,43%,No,Aye,Aye,Aye,Abstain,Abstain,Abstain,Abstain
Edward Leigh,Conservative,Gainsborough,38%,Aye,No,No,No,No,No,No,Aye
Chris Leslie,Independent,Nottingham East,57%,No,No,No,No,No,Aye,Aye,No
Oliver Letwin,Conservative,West Dorset,49%,No,Aye,Aye,Aye,No,No,No,No
Emma Lewell-Buck,Labour,South Shields,38%,No,Abstain,Abstain,Aye,Aye,Abstain,No,No
Andrew Lewer,Conservative,Northampton South,41%,Aye,No,No,No,No,No,No,Aye
Brandon Lewis,Conservative,Great Yarmouth,28%,Abstain,Abstain,Abstain,Abstain,Abstain,Abstain,Abstain,Abstain
Clive Lewis,Labour,Norwich South,60%,No,No,No,Aye,Aye,Aye,Aye,No
Julian Lewis,Conservative,New Forest East,45%,Aye,No,No,No,No,No,No,Aye
Ivan Lewis,Independent,Bury South,40%,No,Aye,No,Aye,Aye,Abstain,No,No
Ian Liddell-Grainger,Conservative,Bridgwater and West Somerset,38%,Aye,No,No,No,No,No,No,No
David Lidington,Conservative,Aylesbury,48%,Abstain,Abstain,Abstain,Abstain,Abstain,Abstain,Abstain,Abstain
David Linden,Scottish National Party,Glasgow East,56%,No,Abstain,No,Abstain,Abstain,Aye,Aye,No
Emma Little Pengelly,Democratic Unionist Party,Belfast South,70%,Abstain,Abstain,Abstain,No,No,No,No,Aye
Stephen Lloyd,Independent,Eastbourne,43%,No,Aye,Aye,Aye,Aye,Aye,Abstain,No
Tony Lloyd,Labour,Rochdale,43%,No,Aye,No,Aye,Aye,Abstain,Aye,No
Rebecca Long Bailey,Labour,Salford and Eccles,46%,No,Aye,Abstain,Aye,Aye,Abstain,Aye,No
Julia Lopez,Conservative,Hornchurch and Upminster,30%,Aye,No,No,No,No,No,No,Aye
Jack Lopresti,Conservative,Filton and Bradley Stoke,51%,Aye,No,No,No,No,No,No,No
Jonathan Lord,Conservative,Woking,56%,Aye,No,No,No,No,No,No,Aye
Tim Loughton,Conservative,East Worthing and Shoreham,46%,Aye,No,No,No,No,No,No,Aye
Caroline Lucas,Green Party,"Brighton, Pavilion",74%,No,No,No,No,No,Aye,Aye,No
Ian C. Lucas,Labour,Wrexham,42%,No,Aye,No,Aye,Aye,No,Aye,No
Holly Lynch,Labour,Halifax,41%,No,Aye,Abstain,Aye,Aye,Abstain,Aye,No
Craig Mackinlay,Conservative,South Thanet,53%,Aye,No,No,No,No,No,No,Aye
Rachel Maclean,Conservative,Redditch,78%,Aye,No,No,No,No,No,No,Aye
Angus Brendan MacNeil,Scottish National Party,Na h-Eileanan an Iar,53%,No,Abstain,No,Abstain,Abstain,Aye,Abstain,No
Justin Madders,Labour,Ellesmere Port and Neston,55%,No,Aye,No,Aye,Aye,Abstain,No,No
Khalid Mahmood,Labour,"Birmingham, Perry Barr",34%,No,Aye,Abstain,Aye,Aye,Abstain,Aye,No
Shabana Mahmood,Labour,"Birmingham, Ladywood",72%,No,Aye,No,Aye,Aye,Aye,Aye,No
Anne Main,Conservative,St Albans,63%,Aye,No,No,No,No,No,No,Aye
Alan Mak,Conservative,Havant,42%,Aye,No,No,No,No,No,No,Aye
Seema Malhotra,Labour,Feltham and Heston,32%,No,Aye,No,Aye,Aye,Abstain,Aye,No
Kit Malthouse,Conservative,North West Hampshire,42%,Aye,No,No,No,No,No,No,Aye
John Mann,Labour,Bassetlaw,53%,No,No,No,No,Aye,No,No,No
Scott Mann,Conservative,North Cornwall,38%,Aye,No,Aye,No,No,No,No,Aye
Gordon Marsden,Labour,Blackpool South,38%,No,Aye,No,Aye,Aye,No,Aye,No
Sandy Martin,Labour,Ipswich,43%,No,Aye,No,Aye,Aye,Aye,Aye,No
Rachael Maskell,Labour,York Central,39%,No,No,No,Aye,Aye,Aye,Aye,No
Paul Maskey,Sinn F?in,Belfast West,49%,Abstain,Abstain,Abstain,Abstain,Abstain,Abstain,Abstain,Abstain
Paul Masterton,Conservative,East Renfrewshire,39%,No,Aye,Aye,Aye,No,Abstain,No,No
Christian Matheson,Labour,City of Chester,61%,No,No,No,Aye,Aye,Aye,Aye,No
Theresa May,Conservative,Maidenhead,58%,Abstain,Abstain,Abstain,Abstain,Abstain,Abstain,Abstain,Abstain
Paul Maynard,Conservative,Blackpool North and Cleveleys,55%,Aye,No,No,No,No,No,No,Aye
Steve McCabe,Labour,"Birmingham, Selly Oak",43%,No,Aye,Abstain,Aye,Aye,Abstain,Aye,No
Elisha McCallion,Sinn F?in,Foyle,54%,Abstain,Abstain,Abstain,Abstain,Abstain,Abstain,Abstain,Abstain
Kerry McCarthy,Labour,Bristol East,42%,No,No,No,Aye,Aye,Aye,Aye,No
Siobhain McDonagh,Labour,Mitcham and Morden,49%,No,No,No,No,No,Aye,Aye,No
Andy McDonald,Labour,Middlesbrough,64%,No,Aye,Abstain,Aye,Aye,Abstain,Aye,Abstain
Stewart Malcolm McDonald,Scottish National Party,Glasgow South,62%,No,Abstain,No,Abstain,Abstain,Aye,Aye,No
Stuart C. McDonald,Scottish National Party,"Cumbernauld, Kilsyth and Kirkintilloch East",37%,No,Abstain,No,Abstain,Abstain,Aye,Aye,No
John McDonnell,Labour,Hayes and Harlington,44%,No,Aye,Abstain,Aye,Aye,Abstain,Aye,No
Pat McFadden,Labour,Wolverhampton South East,45%,No,Abstain,No,Aye,Aye,Abstain,Aye,No
Conor McGinn,Labour,St Helens North,32%,No,Aye,Abstain,Aye,Aye,Abstain,Aye,No
Alison McGovern,Labour,Wirral South,40%,No,Abstain,No,Aye,Aye,Abstain,Aye,No
Liz McInnes,Labour,Heywood and Middleton,32%,No,Aye,Abstain,Aye,Aye,Abstain,Abstain,No
Catherine McKinnell,Labour,Newcastle upon Tyne North,44%,No,Abstain,No,Aye,Aye,Aye,Aye,No
Patrick McLoughlin,Conservative,Derbyshire Dales,61%,No,No,No,No,No,No,No,No
Jim McMahon,Labour,Oldham West and Royton,74%,No,Aye,Abstain,Aye,Aye,Abstain,Abstain,No
Anna McMorrin,Labour,Cardiff North,74%,No,No,No,No,Aye,Aye,Aye,No
John McNally,Scottish National Party,Falkirk,58%,Abstain,Abstain,Abstain,Abstain,Abstain,Abstain,Abstain,Abstain
Stephen McPartland,Conservative,Stevenage,55%,Aye,No,No,No,No,No,No,Aye
Esther McVey,Conservative,Tatton,33%,Aye,No,No,No,No,No,No,Aye
Ian Mearns,Labour,Gateshead,44%,No,Aye,Abstain,Aye,Aye,Abstain,Abstain,No
Mark Menzies,Conservative,Fylde,43%,Aye,No,No,No,No,No,No,No
Johnny Mercer,Conservative,"Plymouth, Moor View",34%,Aye,No,No,No,No,No,No,No
Huw Merriman,Conservative,Bexhill and Battle,42%,Aye,No,No,No,No,No,Aye,No
Stephen Metcalfe,Conservative,South Basildon and East Thurrock,27%,Aye,No,No,No,No,No,No,Aye
Edward Miliband,Labour,Doncaster North,28%,No,Aye,Abstain,Aye,Aye,Abstain,Aye,No
Maria Miller,Conservative,Basingstoke,46%,Aye,No,No,No,No,No,No,Aye
Amanda Milling,Conservative,Cannock Chase,31%,Aye,No,No,No,No,No,No,Abstain
Nigel Mills,Conservative,Amber Valley,35%,Aye,No,No,No,No,No,No,Aye
Anne Milton,Conservative,Guildford,59%,No,Abstain,Abstain,Aye,No,Abstain,Abstain,No
Andrew Mitchell,Conservative,Sutton Coldfield,48%,Aye,Abstain,Abstain,Aye,No,No,No,Aye
Francie Molloy,Sinn F?in,Mid Ulster,60%,Abstain,Abstain,Abstain,Abstain,Abstain,Abstain,Abstain,Abstain
Carol Monaghan,Scottish National Party,Glasgow North West,69%,No,Abstain,No,Abstain,Abstain,Aye,Aye,No
Madeleine Moon,Labour,Bridgend,50%,No,No,No,Aye,Aye,Aye,Aye,No
Damien Moore,Conservative,Southport,54%,No,No,No,No,No,No,No,No
Layla Moran,Liberal Democrat,Oxford West and Abingdon,62%,No,Abstain,Abstain,Abstain,Abstain,Aye,Aye,No
Penny Mordaunt,Conservative,Portsmouth North,36%,Abstain,Abstain,Abstain,Abstain,Abstain,Abstain,Abstain,Abstain
Jessica Morden,Labour,Newport East,41%,No,Abstain,Abstain,Aye,Aye,Abstain,Aye,No
Nicky Morgan,Conservative,Loughborough,50%,No,Aye,Aye,Aye,No,No,No,No
Stephen Morgan,Labour,Portsmouth South,48%,No,No,No,Aye,Aye,Aye,Aye,No
Anne Marie Morris,Conservative,Newton Abbot,44%,Aye,No,No,No,No,No,No,No
David Morris,Conservative,Morecambe and Lunesdale,42%,No,No,No,No,No,No,No,No
Grahame Morris,Labour,Easington,34%,No,No,No,No,Aye,No,No,No
James Morris,Conservative,Halesowen and Rowley Regis,33%,Aye,No,No,No,No,No,No,No
Wendy Morton,Conservative,Aldridge-Brownhills,32%,Aye,No,No,No,No,No,No,No
David Mundell,Conservative,"Dumfriesshire, Clydesdale and Tweeddale",55%,Abstain,Abstain,Abstain,Abstain,Abstain,Abstain,Abstain,Abstain
Ian Murray,Labour,Edinburgh South,78%,No,Aye,No,Aye,Abstain,Aye,Aye,No
Sheryll Murray,Conservative,South East Cornwall,45%,Aye,No,No,No,No,No,No,Aye
Andrew Murrison,Conservative,South West Wiltshire,43%,Aye,No,Abstain,No,No,No,No,Abstain
Lisa Nandy,Labour,Wigan,37%,No,Aye,Abstain,Aye,Aye,Aye,Abstain,Abstain
Robert Neill,Conservative,Bromley and Chislehurst,50%,No,Aye,Aye,Aye,No,No,No,No
Gavin Newlands,Scottish National Party,Paisley and Renfrewshire North,65%,No,Abstain,No,Abstain,Abstain,Aye,Aye,No
Sarah Newton,Conservative,Truro and Falmouth,54%,No,Abstain,Aye,Aye,No,Abstain,Abstain,No
Caroline Nokes,Conservative,Romsey and Southampton North,54%,Abstain,Abstain,Abstain,Abstain,Abstain,Abstain,Abstain,Abstain
Jesse Norman,Conservative,Hereford and South Herefordshire,40%,No,No,No,No,No,No,No,No
Alex Norris,Labour,Nottingham North,36%,No,Aye,Abstain,Aye,Aye,Abstain,Aye,No
Neil O'Brien,Conservative,Harborough,48%,Aye,No,No,No,No,No,No,Abstain
Matthew Offord,Conservative,Hendon,58%,Aye,No,No,No,No,No,No,Aye
Brendan O'Hara,Scottish National Party,Argyll and Bute,61%,No,Abstain,No,Abstain,Abstain,Aye,Aye,No
Jared O'Mara,Independent,"Sheffield, Hallam",66%,Abstain,Abstain,Abstain,Abstain,Abstain,Abstain,Abstain,Abstain
Fiona Onasanya,Independent,Peterborough,37%,No,Aye,No,No,Abstain,Abstain,Aye,No
Melanie Onn,Labour,Great Grimsby,29%,No,Aye,Abstain,Aye,Aye,Abstain,No,Abstain
Chi Onwurah,Labour,Newcastle upon Tyne Central,52%,No,Aye,No,Aye,Aye,Aye,Aye,No
Guy Opperman,Conservative,Hexham,55%,No,No,No,No,No,No,No,No
Kate Osamor,Labour,Edmonton,54%,No,No,No,Aye,Aye,Aye,Aye,No
Albert Owen,Labour,Ynys M?n,0%,No,Aye,Abstain,Aye,Aye,Aye,Aye,No
Ian Paisley,Democratic Unionist Party,North Antrim,38%,Abstain,Abstain,Abstain,No,No,No,No,Aye
Neil Parish,Conservative,Tiverton and Honiton,42%,Aye,Abstain,Aye,No,No,No,No,Aye
Priti Patel,Conservative,Witham,39%,Aye,No,No,No,No,No,No,Aye
Owen Paterson,Conservative,North Shropshire,40%,Aye,No,No,No,No,No,No,Aye
Mark Pawsey,Conservative,Rugby,41%,No,Aye,Aye,Aye,No,No,No,No
Stephanie Peacock,Labour,Barnsley East,29%,No,Aye,Abstain,Aye,Aye,Abstain,No,No
Teresa Pearce,Labour,Erith and Thamesmead,45%,No,Abstain,Abstain,Aye,Aye,Abstain,Aye,No
Mike Penning,Conservative,Hemel Hempstead,44%,Aye,No,No,No,No,No,No,No
Matthew Pennycook,Labour,Greenwich and Woolwich,64%,No,Aye,No,Aye,Aye,Aye,Aye,No
John Penrose,Conservative,Weston-super-Mare,0%,Aye,Aye,Aye,No,No,No,No,Aye
Andrew Percy,Conservative,Brigg and Goole,34%,Aye,Aye,Aye,No,No,No,No,Aye
Toby Perkins,Labour,Chesterfield,41%,No,Aye,No,Aye,Aye,No,Aye,No
Claire Perry,Conservative,Devizes,46%,Abstain,Abstain,Abstain,Abstain,Abstain,Abstain,Abstain,Abstain
Jess Phillips,Labour,"Birmingham, Yardley",40%,No,Aye,No,Aye,Aye,Aye,Aye,No
Bridget Phillipson,Labour,Houghton and Sunderland South,38%,No,Abstain,No,Aye,Aye,Abstain,Aye,No
Chris Philp,Conservative,Croydon South,54%,Abstain,No,No,No,No,No,No,Aye
Laura Pidcock,Labour,North West Durham,45%,No,Aye,Abstain,Aye,Aye,Abstain,Aye,No
Christopher Pincher,Conservative,Tamworth,34%,Aye,No,No,No,No,No,No,Aye
Jo Platt,Labour,Leigh,37%,No,Aye,Abstain,Aye,Aye,Abstain,Abstain,No
Luke Pollard,Labour,"Plymouth, Sutton and Devonport",46%,No,Aye,No,Aye,Aye,Aye,Aye,No
Dan Poulter,Conservative,Central Suffolk and North Ipswich,45%,Aye,No,Aye,No,No,No,No,No
Stephen Pound,Labour,Ealing North,54%,No,Aye,Abstain,Aye,Aye,Abstain,Aye,No
Rebecca Pow,Conservative,Taunton Deane,47%,No,Aye,Aye,No,No,No,No,No
Lucy Powell,Labour,Manchester Central,64%,No,Aye,Abstain,Aye,Aye,Abstain,Aye,No
Victoria Prentis,Conservative,Banbury,50%,No,Abstain,Abstain,Aye,No,No,No,No
Mark Prisk,Conservative,Hertford and Stortford,51%,No,No,Aye,No,No,No,No,No
Mark Pritchard,Conservative,The Wrekin,41%,Aye,No,No,No,No,No,No,No
Tom Pursglove,Conservative,Corby,40%,Aye,No,No,No,No,No,No,Aye
Jeremy Quin,Conservative,Horsham,51%,No,No,No,No,No,No,No,No
Will Quince,Conservative,Colchester,48%,Aye,No,No,No,No,No,No,Aye
Yasmin Qureshi,Labour,Bolton South East,37%,No,Aye,Abstain,Aye,Aye,Abstain,Aye,No
Dominic Raab,Conservative,Esher and Walton,58%,Aye,No,No,No,No,No,No,Aye
Faisal Rashid,Labour,Warrington South,49%,No,Aye,Abstain,Aye,Aye,Aye,Aye,No
Angela Rayner,Labour,Ashton-under-Lyne,38%,No,Aye,Abstain,Aye,Aye,Abstain,Aye,No
John Redwood,Conservative,Wokingham,57%,Aye,No,No,No,No,No,No,No
Steve Reed,Labour,Croydon North,59%,No,Aye,Abstain,Aye,Aye,Aye,Aye,No
Christina Rees,Labour,Neath,46%,No,Aye,Abstain,Aye,Aye,Abstain,Aye,No
Jacob Rees-Mogg,Conservative,North East Somerset,48%,Aye,No,No,No,No,No,No,Aye
Ellie Reeves,Labour,Lewisham West and Penge,65%,No,Abstain,No,Aye,Aye,Aye,Aye,No
Rachel Reeves,Labour,Leeds West,47%,No,Aye,No,Aye,Aye,Aye,Aye,No
Emma Reynolds,Labour,Wolverhampton North East,32%,No,Aye,No,Aye,Aye,Abstain,Aye,No
Jonathan Reynolds,Labour,Stalybridge and Hyde,41%,No,Aye,Abstain,Aye,Aye,Abstain,Aye,No
Marie Rimmer,Labour,St Helens South and Whiston,44%,No,Aye,No,Aye,Aye,Aye,Aye,No
Laurence Robertson,Conservative,Tewkesbury,46%,Aye,No,No,No,No,No,No,Aye
Gavin Robinson,Democratic Unionist Party,Belfast East,48%,Abstain,Abstain,Abstain,No,No,No,No,Aye
Mary Robinson,Conservative,Cheadle,42%,No,No,No,No,No,No,No,No
Geoffrey Robinson,Labour,Coventry North West,57%,No,Aye,Abstain,Aye,Aye,No,Aye,No
Matt Rodda,Labour,Reading East,62%,No,Aye,Abstain,Aye,Aye,Aye,Aye,No
Andrew Rosindell,Conservative,Romford,31%,Aye,No,No,No,No,No,No,Aye
Douglas Ross,Conservative,Moray,50%,Abstain,No,No,No,No,No,No,Abstain
Danielle Rowley,Labour,Midlothian,62%,No,Aye,Abstain,Aye,Aye,Aye,Aye,No
Lee Rowley,Conservative,North East Derbyshire,38%,Aye,No,No,No,No,No,No,Aye
Chris Ruane,Labour,Vale of Clwyd,43%,No,Aye,No,Aye,Aye,Abstain,Aye,No
Amber Rudd,Conservative,Hastings and Rye,44%,Abstain,Abstain,Abstain,Abstain,Abstain,Abstain,Abstain,Abstain
Lloyd Russell-Moyle,Labour,"Brighton, Kemptown",56%,No,No,No,Aye,Aye,Aye,Aye,No
David Rutley,Conservative,Macclesfield,53%,Abstain,Abstain,Abstain,Abstain,Abstain,Abstain,Abstain,Abstain
Joan Ryan,Independent,Enfield North,51%,No,No,No,Abstain,No,Aye,Aye,No
Antoinette Sandbach,Conservative,Eddisbury,48%,No,Aye,Aye,Aye,No,Abstain,Aye,No
Liz Saville Roberts,Plaid Cymru,Dwyfor Meirionnydd,53%,No,Aye,Abstain,Abstain,Abstain,Aye,Aye,No
Paul Scully,Conservative,Sutton and Cheam,49%,Aye,No,No,No,No,No,No,Aye
Bob Seely,Conservative,Isle of Wight,38%,Aye,No,No,No,No,No,No,No
Andrew Selous,Conservative,South West Bedfordshire,42%,Abstain,No,No,No,No,No,No,Abstain
Naz Shah,Labour,Bradford West,53%,No,Aye,Abstain,Aye,Aye,Abstain,Aye,No
Jim Shannon,Democratic Unionist Party,Strangford,44%,No,Abstain,Abstain,No,No,No,No,Aye
Grant Shapps,Conservative,Welwyn Hatfield,47%,Aye,No,No,No,No,No,No,Aye
Alok Sharma,Conservative,Reading West,48%,No,No,No,No,No,No,No,No
Virendra Sharma,Labour,"Ealing, Southall",58%,No,Aye,No,Aye,Aye,Aye,Aye,No
Barry Sheerman,Labour,Huddersfield,48%,No,Abstain,No,Aye,Aye,Aye,Aye,No
Alec Shelbrooke,Conservative,Elmet and Rothwell,43%,Abstain,Abstain,Abstain,Abstain,Abstain,Abstain,Abstain,Abstain
Tommy Sheppard,Scottish National Party,Edinburgh East,72%,No,Abstain,No,Abstain,Abstain,Aye,Aye,No
Paula Sherriff,Labour,Dewsbury,43%,No,Aye,Abstain,Aye,Aye,Abstain,Abstain,No
Gavin Shuker,Independent,Luton South,45%,No,No,No,No,No,Aye,Aye,No
Tulip Siddiq,Labour,Hampstead and Kilburn,76%,No,No,No,Aye,Aye,Aye,Aye,No
David Simpson,Democratic Unionist Party,Upper Bann,47%,Abstain,Abstain,Abstain,No,No,No,No,Aye
Keith Simpson,Conservative,Broadland,46%,No,No,No,No,No,No,No,No
Chris Skidmore,Conservative,Kingswood,43%,No,No,No,No,No,No,No,No
Dennis Skinner,Labour,Bolsover,30%,Aye,No,Aye,No,Aye,No,No,No
Andy Slaughter,Labour,Hammersmith,69%,No,Abstain,No,Aye,Aye,Aye,Aye,No
Ruth Smeeth,Labour,Stoke-on-Trent North,28%,No,No,No,Aye,Aye,No,No,No
Angela Smith,Independent,Penistone and Stocksbridge,39%,No,No,No,No,No,Aye,Aye,No
Cat Smith,Labour,Lancaster and Fleetwood,48%,No,Aye,Abstain,Aye,Aye,Abstain,Aye,No
Chloe Smith,Conservative,Norwich North,43%,Abstain,No,No,No,No,No,No,Abstain
Eleanor Smith,Labour,Wolverhampton South West,46%,No,Aye,Abstain,Aye,Aye,Abstain,Aye,No
Henry Smith,Conservative,Crawley,42%,Aye,No,No,No,No,No,No,Aye
Jeff Smith,Labour,"Manchester, Withington",75%,No,Aye,No,Aye,Aye,Aye,Aye,No
Julian Smith,Conservative,Skipton and Ripon,47%,Abstain,Abstain,Abstain,Abstain,Abstain,Abstain,Abstain,Abstain
Laura Smith,Labour,Crewe and Nantwich,40%,No,No,No,Aye,Aye,Abstain,No,No
Nick Smith,Labour,Blaenau Gwent,38%,No,Abstain,Abstain,Aye,Aye,Abstain,Aye,No
Owen Smith,Labour,Pontypridd,53%,No,No,No,Abstain,Abstain,Aye,Aye,No
Royston Smith,Conservative,"Southampton, Itchen",40%,Aye,No,No,No,No,No,No,Aye
Karin Smyth,Labour,Bristol South,53%,No,Aye,No,Aye,Aye,Aye,Aye,No
Gareth Snell,Labour,Stoke-on-Trent Central,35%,No,No,No,Aye,Aye,No,No,No
Nicholas Soames,Conservative,Mid Sussex,54%,No,Aye,No,Aye,No,No,No,No
Alex Sobel,Labour,Leeds North West,65%,No,Aye,No,Aye,Aye,Aye,Aye,No
Anna Soubry,Independent,Broxtowe,47%,No,No,No,No,No,Aye,Aye,No
John Spellar,Labour,Warley,38%,No,No,No,Aye,Aye,No,No,No
Caroline Spelman,Conservative,Meriden,41%,No,Aye,Aye,Aye,No,No,No,No
Mark Spencer,Conservative,Sherwood,36%,Aye,No,No,No,No,No,No,Abstain
Keir Starmer,Labour,Holborn and St Pancras,73%,No,Aye,Abstain,Aye,Aye,Abstain,Aye,No
Chris Stephens,Scottish National Party,Glasgow South West,59%,No,Abstain,No,Abstain,Abstain,Aye,Aye,No
Andrew Stephenson,Conservative,Pendle,37%,Aye,No,No,No,No,No,No,Aye
Jo Stevens,Labour,Cardiff Central,68%,No,No,No,Abstain,Abstain,Aye,Aye,No
John Stevenson,Conservative,Carlisle,39%,Abstain,Aye,Aye,No,No,No,No,No
Bob Stewart,Conservative,Beckenham,53%,Aye,No,No,No,No,No,No,Aye
Iain Stewart,Conservative,Milton Keynes South,47%,Aye,No,No,No,No,No,No,Aye
Rory Stewart,Conservative,Penrith and The Border,45%,No,Abstain,Abstain,Aye,No,No,No,No
Jamie Stone,Liberal Democrat,"Caithness, Sutherland and Easter Ross",49%,No,Abstain,Abstain,Abstain,Abstain,Aye,Aye,No
Gary Streeter,Conservative,South West Devon,45%,No,No,Aye,No,No,No,No,No
Wes Streeting,Labour,Ilford North,47%,No,Abstain,No,Aye,Aye,Aye,Aye,No
Mel Stride,Conservative,Central Devon,49%,No,No,No,No,No,No,No,No
Graham Stringer,Labour,Blackley and Broughton,0%,Abstain,No,No,No,Abstain,No,No,Aye
Graham Stuart,Conservative,Beverley and Holderness,41%,Aye,No,No,No,No,No,No,Aye
Julian Sturdy,Conservative,York Outer,55%,Abstain,No,Aye,No,No,No,No,Aye
Rishi Sunak,Conservative,Richmond (Yorks),45%,Aye,No,No,No,No,No,No,Aye
Desmond Swayne,Conservative,New Forest West,45%,Aye,No,No,No,No,No,No,Aye
Paul Sweeney,Labour,Glasgow North East,59%,No,Aye,Abstain,Aye,Aye,Aye,Aye,No
Jo Swinson,Liberal Democrat,East Dunbartonshire,73%,No,Abstain,Abstain,Abstain,Abstain,Aye,Aye,No
Hugo Swire,Conservative,East Devon,50%,No,No,No,No,No,No,No,Abstain
Robert Syms,Conservative,Poole,43%,Aye,No,No,No,No,No,No,No
Mark Tami,Labour,Alyn and Deeside,42%,No,Abstain,Abstain,Aye,Aye,Abstain,Aye,No
Alison Thewliss,Scottish National Party,Glasgow Central,71%,No,Abstain,No,Abstain,Abstain,Aye,Aye,No
Derek Thomas,Conservative,St Ives,45%,Aye,No,Aye,No,No,No,No,Aye
Gareth Thomas,Labour,Harrow West,55%,No,Aye,No,Aye,Aye,Aye,Aye,No
Nick Thomas-Symonds,Labour,Torfaen,39%,No,Abstain,Abstain,Aye,Aye,Abstain,Aye,No
Ross Thomson,Conservative,Aberdeen South,68%,Aye,No,No,No,No,No,No,Aye
Emily Thornberry,Labour,Islington South and Finsbury,72%,No,Aye,Abstain,Aye,Aye,Abstain,Aye,No
Maggie Throup,Conservative,Erewash,37%,Aye,No,No,No,No,No,No,No
Stephen Timms,Labour,East Ham,54%,No,Aye,Abstain,Aye,Aye,Aye,Aye,No
Kelly Tolhurst,Conservative,Rochester and Strood,36%,Aye,No,No,No,No,No,No,No
Justin Tomlinson,Conservative,North Swindon,43%,Aye,No,No,No,No,No,No,Aye
Michael Tomlinson,Conservative,Mid Dorset and North Poole,43%,Aye,No,No,No,No,No,No,Aye
Craig Tracey,Conservative,North Warwickshire,32%,Aye,No,No,No,No,No,No,No
David Tredinnick,Conservative,Bosworth,39%,No,Aye,Aye,No,No,No,No,No
Anne-Marie Trevelyan,Conservative,Berwick-upon-Tweed,45%,Aye,No,No,No,No,No,No,Aye
Jon Trickett,Labour,Hemsworth,32%,No,Aye,Abstain,Aye,Aye,Abstain,Abstain,No
Elizabeth Truss,Conservative,South West Norfolk,33%,Abstain,Abstain,Abstain,Abstain,Abstain,Abstain,Abstain,Abstain
Tom Tugendhat,Conservative,Tonbridge and Malling,47%,Abstain,Abstain,Abstain,Abstain,Abstain,No,No,Abstain
Anna Turley,Labour,Redcar,32%,No,Abstain,No,Aye,Aye,Aye,Aye,No
Karl Turner,Labour,Kingston upon Hull East,27%,Abstain,Aye,Abstain,Aye,Aye,Abstain,Aye,Abstain
Derek Twigg,Labour,Halton,42%,No,No,No,Aye,Aye,No,No,No
Stephen Twigg,Labour,"Liverpool, West Derby",50%,No,Aye,Abstain,Aye,Aye,Aye,Aye,No
Liz Twist,Labour,Blaydon,44%,No,Aye,Abstain,Aye,Aye,Abstain,Aye,No
Chuka Umunna,Independent,Streatham,80%,No,No,No,No,No,Aye,Aye,No
Edward Vaizey,Conservative,Wantage,53%,No,Aye,Aye,Aye,No,Abstain,Abstain,No
Shailesh Vara,Conservative,North West Cambridgeshire,43%,Aye,No,No,No,No,No,No,Aye
Keith Vaz,Labour,Leicester East,46%,No,Aye,Abstain,Aye,Aye,Aye,Aye,No
Valerie Vaz,Labour,Walsall South,38%,No,Aye,Abstain,Aye,Aye,Abstain,Aye,No
Martin Vickers,Conservative,Cleethorpes,30%,Aye,No,No,No,No,No,No,No
Theresa Villiers,Conservative,Chipping Barnet,59%,Abstain,No,No,No,No,No,No,Aye
Charles Walker,Conservative,Broxbourne,34%,No,No,No,No,No,No,No,No
Robin Walker,Conservative,Worcester,46%,No,No,No,Abstain,No,No,No,No
Thelma Walker,Labour,Colne Valley,50%,No,No,No,Aye,Aye,Aye,Aye,No
Ben Wallace,Conservative,Wyre and Preston North,46%,Aye,No,Aye,No,No,No,No,No
David Warburton,Conservative,Somerton and Frome,50%,Aye,No,Aye,No,No,No,No,Aye
Matt Warman,Conservative,Boston and Skegness,24%,Aye,No,No,No,No,No,No,No
Giles Watling,Conservative,Clacton,27%,Aye,No,No,No,No,No,No,Aye
Tom Watson,Labour,West Bromwich East,32%,No,Aye,Abstain,Aye,Aye,Abstain,Aye,No
Catherine West,Labour,Hornsey and Wood Green,75%,No,Abstain,No,Aye,Aye,Aye,Aye,No
Matt Western,Labour,Warwick and Leamington,58%,No,Aye,No,Aye,Aye,Aye,Aye,No
Helen Whately,Conservative,Faversham and Mid Kent,41%,Aye,No,No,No,No,No,No,Aye
Heather Wheeler,Conservative,South Derbyshire,40%,Aye,No,No,No,No,No,No,Aye
Alan Whitehead,Labour,"Southampton, Test",51%,No,Aye,No,Aye,Aye,Aye,Aye,No
Martin Whitfield,Labour,East Lothian,65%,No,Abstain,Abstain,Aye,Aye,Aye,Aye,No
Philippa Whitford,Scottish National Party,Central Ayrshire,58%,No,Abstain,No,Abstain,Abstain,Aye,Aye,No
Craig Whittaker,Conservative,Calder Valley,47%,Aye,No,No,No,No,No,No,No
John Whittingdale,Conservative,Maldon,39%,Aye,No,No,No,No,No,No,Aye
Bill Wiggin,Conservative,North Herefordshire,42%,Aye,No,No,No,No,No,No,Aye
Paul Williams,Labour,Stockton South,64%,No,No,No,No,Aye,Aye,Aye,No
Hywel Williams,Plaid Cymru,Arfon,42%,No,Aye,Abstain,Abstain,Abstain,Aye,Aye,No
Chris Williamson,Independent,Derby North,46%,Abstain,No,Abstain,Aye,Aye,No,No,No
Gavin Williamson,Conservative,South Staffordshire,35%,Abstain,Abstain,Abstain,Abstain,Abstain,Abstain,Abstain,Abstain
Phil Wilson,Labour,Sedgefield,41%,No,Aye,Abstain,Aye,Aye,Abstain,Aye,No
Sammy Wilson,Democratic Unionist Party,East Antrim,45%,Abstain,Abstain,Abstain,No,No,No,No,Aye
Rosie Winterton,Deputy Speaker,Doncaster Central,33%,Abstain,Abstain,Abstain,Abstain,Abstain,Abstain,Abstain,Abstain
Pete Wishart,Scottish National Party,Perth and North Perthshire,60%,No,Abstain,No,Abstain,Abstain,Aye,Abstain,No
Sarah Wollaston,Independent,Totnes,46%,No,No,No,No,No,Aye,Aye,No
Mike Wood,Conservative,Dudley South,30%,Aye,No,No,No,No,No,No,Abstain
John Woodcock,Independent,Barrow and Furness,43%,No,Abstain,No,Abstain,No,Aye,Aye,No
William Wragg,Conservative,Hazel Grove,48%,Aye,No,No,No,No,No,No,Aye
Jeremy Wright,Conservative,Kenilworth and Southam,54%,Abstain,Abstain,Abstain,Abstain,Abstain,Abstain,Abstain,Abstain
Mohammad Yasin,Labour,Bedford,48%,No,Aye,No,Aye,Aye,Aye,Aye,No
Nadhim Zahawi,Conservative,Stratford-on-Avon,49%,Abstain,Abstain,Abstain,No,No,No,No,Abstain
Daniel Zeichner,Labour,Cambridge,74%,No,No,No,Abstain,Abstain,Aye,Aye,No